{
	"title": "level1",
	"gravity": "-9.8",
	"data": [
		{
			"id": 0,
			"type": "piece",
			"mass": "1",
			"pointValue": 1,
			"sourceImages": [],
			"brushId": "brushdefault",
			"x": 0,
			"y": 3.3,
			"z": -10.5,
			"rx": 0,
			"ry": -1.3877787807814457e-17,
			"rz": 0,
			"sx": 5.399999999999995,
			"sy": 6.500000000000012,
			"sz": 5.799999999999995
		}
		]
}